"ZCTA	",Accessibility_Score
31704,0.921123897
30018,1.398694389
"30724	",1.475862075
"31004	",0
"30414	",0
31333,0
31704,0
30018,0
30724,0
31004,0